{
	"kde": [
		{
			"subreddit": "linuxmasterrace",
			"title": "I can't believe I installed Arch with KDE at the first try. It required time, but was not at all difficult. \"Those b*stards lied to me\"",
			"id": "l56lz8",
			"author": "LordRishav"
		},
		{
			"subreddit": "Ubuntu",
			"title": "Out of all the distros I\u2019ve tried, Kubuntu has been the best experience I\u2019ve had with KDE on my XPS 15",
			"id": "l3h1w4",
			"author": "ngagner15"
		},
		{
			"subreddit": "unixporn",
			"title": "[PLASMA] My first rice on EndeavourOS with KDE Plasma!",
			"id": "kt1qlg",
			"author": "BeerBellyPete"
		},
		{
			"subreddit": "kde",
			"title": "This week in KDE: Getting ready for Plasma 5.21",
			"id": "l8hgas",
			"author": "MyNameIsRichardCS54"
		},
		{
			"subreddit": "unixporn",
			"title": "[KDE Plasma] Screenshot Moe themes update",
			"id": "kttq6f",
			"author": "jom4d4"
		},
		{
			"subreddit": "kde",
			"title": "This week in KDE: KWin gains direct scan-out, and Gwenview gets a lot of love",
			"id": "ldq019",
			"author": "Modelmat"
		},
		{
			"subreddit": "linuxmemes",
			"title": "Fun fact: Blink and WebKit are based on KDE's KHTML",
			"id": "ld7y66",
			"author": "Neo64_YT_Official"
		},
		{
			"subreddit": "ManjaroLinux",
			"title": "After 3 months into Manjaro KDE, I'm getting the hang of customisation.",
			"id": "ld3pw7",
			"author": "UsamaJatala"
		},
		{
			"subreddit": "kde",
			"title": "What small konveniences do you miss in KDE?",
			"id": "kuvjca",
			"author": "ForbidReality"
		},
		{
			"subreddit": "kde",
			"title": "Gotta love KDE. Latte dock seems to be more stable than it was a couple years ago. Think I'll keep it around.",
			"id": "l60dmk",
			"author": "His_Turdness"
		},
		{
			"subreddit": "kde",
			"title": "This week in KDE: new KWin compositing, new Kickoff, new recording level visualization!",
			"id": "ktlv0r",
			"author": "jari_45"
		},
		{
			"subreddit": "ManjaroLinux",
			"title": "How to test this new Application launcher? It's available on KDE Neon.",
			"id": "l82w45",
			"author": "import_pandas_as_tf"
		},
		{
			"subreddit": "kde",
			"title": "Please use and open-source alternative to Google's reCAPTCHA when registering a KDE Identity account",
			"id": "ldcxe6",
			"author": "CousinOfThor"
		},
		{
			"subreddit": "kde",
			"title": "This week in KDE: the Plasma 5.21 beta is here!",
			"id": "l38jp1",
			"author": "jari_45"
		},
		{
			"subreddit": "kde",
			"title": "Is the redesign of the widgets (buttons, check boxes...) Still on mind of the KDE devs? I saw this on a task on phabricator",
			"id": "ldzjqb",
			"author": "robertob45"
		},
		{
			"subreddit": "ManjaroLinux",
			"title": "Manajro Catalina :) [KDE Plasma]",
			"id": "kwbrss",
			"author": "Arka543"
		},
		{
			"subreddit": "kde",
			"title": "What is your KDE Plasma wish for 2021?",
			"id": "kn97ru",
			"author": "ManinaPanina"
		},
		{
			"subreddit": "kde",
			"title": "KDE Kate Text Editor - Search In Files & Multi-Threading",
			"id": "l84jxo",
			"author": "ChristophCullmann"
		},
		{
			"subreddit": "linuxmasterrace",
			"title": "Just preordered a Pinephone64 KDE CE version and 10$ of my order go to KDE",
			"id": "ki6btc",
			"author": "marsupial_vindictae"
		},
		{
			"subreddit": "MenTy",
			"title": "Hmmmm kde ti zmizel n\u00e1ramek ?",
			"id": "le4cwg",
			"author": "Natka001"
		},
		{
			"subreddit": "kde",
			"title": "KDE on the go? Unboxing and testing the Pinephone Manjaro KDE CE, a suprising smooth start.",
			"id": "l9pqda",
			"author": "Bolz_brain"
		},
		{
			"subreddit": "kde",
			"title": "I found this screenshot of my old Arch Linux setup with KDE 4",
			"id": "l57v6m",
			"author": "builtfromthetop"
		},
		{
			"subreddit": "linux4noobs",
			"title": "Manjaro linux(KDE) from HDMI port to external monitor show this, the cursor still active on the monitor but the background just looks like that. Can you guys help me ?",
			"id": "l1vouq",
			"author": "ntl2000"
		},
		{
			"subreddit": "kde",
			"title": "This week in KDE: text reflow in Konsole! \u2013 Adventures in Linux and KDE",
			"id": "kyczmu",
			"author": "Modelmat"
		},
		{
			"subreddit": "kde",
			"title": "KDE Tip: Push windows to the sides or top and bottom of the desktop, the easy way",
			"id": "ko9hkv",
			"author": "Bro666"
		},
		{
			"subreddit": "Agraelus",
			"title": "Vid\u011bl jsem trend, kde ze Shreka ud\u011blali sexy s\u00e9pi\u00e1ka. Tenhle masterpiece vylezl ze m\u011b.",
			"id": "l4preg",
			"author": "PHANDICORN807"
		},
		{
			"subreddit": "kde",
			"title": "I create wallpaper for KDE competition in Blender a while ago. Did not make it to final, but hope somebody like it.",
			"id": "l1jdpz",
			"author": "diamon-minecraft"
		},
		{
			"subreddit": "kde",
			"title": "How do I prevent KDE's built-in VPN client from leaking my real IP address via IPv6?",
			"id": "laokcb",
			"author": "AgreeableLandscape3"
		},
		{
			"subreddit": "Slovakia",
			"title": "Kde len t\u00ed hnedotri\u010dk\u00e1ri s\u00fa?",
			"id": "lad3al",
			"author": "ClouthHat"
		},
		{
			"subreddit": "linuxmemes",
			"title": "KDE design lol",
			"id": "l250pz",
			"author": "Satamary"
		},
		{
			"subreddit": "debian",
			"title": "Is Debian a good distro for KDE Plasma?",
			"id": "kyignf",
			"author": "LordRishav"
		},
		{
			"subreddit": "linux",
			"title": "This week in KDE: new KWin compositing, new Kickoff, new recording level visualization!",
			"id": "ktn3nv",
			"author": "KugelKurt"
		},
		{
			"subreddit": "linuxmemes",
			"title": "I am happy with KDE games alone",
			"id": "l3y56q",
			"author": "vivekvaishya"
		},
		{
			"subreddit": "ManjaroLinux",
			"title": "I used BalenaEtcher (on Windows 10) to flash the Manjaro KDE Plasma ISO onto a usb stick. After flashing and validating, I plugged in the usb stick into my computer again, to check if anything is on the usb, and I see this. Anything wrong here?",
			"id": "l0rdcv",
			"author": "RekulousToad"
		},
		{
			"subreddit": "Agraelus",
			"title": "NEUV\u011a\u0158\u00cdTE kde VOJTA nech\u00e1v\u00e1 svoje MODY, leaked photos!!!",
			"id": "l1wkt9",
			"author": "Toyotomi_cz"
		},
		{
			"subreddit": "UsabilityPorn",
			"title": "[KDE] We are almost in a world full of icon-less desktops and tiling WMs, but I'm not in the bandwagon yet.",
			"id": "l9aw2a",
			"author": "Victorino__"
		},
		{
			"subreddit": "linux",
			"title": "MyGnuHealth, the personal health tracking and recording component of Gnu Health, becomes a KDE project",
			"id": "kg6axd",
			"author": "Bro666"
		},
		{
			"subreddit": "unixporn",
			"title": "[KDE Plasma] OITNB",
			"id": "kl2v0u",
			"author": "ag3ntn0x"
		},
		{
			"subreddit": "linuxmasterrace",
			"title": "saw something similar about KDE a while back",
			"id": "l3z582",
			"author": "Toaster_bath_2007"
		},
		{
			"subreddit": "kde",
			"title": "KDE working as intended",
			"id": "kt96ce",
			"author": "SnooPets20"
		},
		{
			"subreddit": "debian",
			"title": "Is it safe to use Debian 8? Or is there any solution to keep the old KDE 4 Desktop in newer versions?",
			"id": "ldiig2",
			"author": "hannes20001"
		},
		{
			"subreddit": "ManjaroLinux",
			"title": "Is XFCE really that much lighter than KDE Plasma?",
			"id": "ktthvv",
			"author": "AbdullahB192"
		},
		{
			"subreddit": "kde",
			"title": "Getting hit with kwallet and its cryptography jargon is a terrible first impression of KDE",
			"id": "kp0dpo",
			"author": "maulman1"
		},
		{
			"subreddit": "linuxmint",
			"title": "Linux Mint 20 with KDE...I love it. LOVE IT! Linux Mint is ROCK SOLID! Added KDE later on because KDE is super customizable. Perfect combination for me.",
			"id": "kuubwo",
			"author": "TheSpiritBaby2K"
		},
		{
			"subreddit": "kde",
			"title": "KDE Tease 'Production Ready' Wayland Support, New App Menu in 2021",
			"id": "krdqrl",
			"author": "NainarB"
		},
		{
			"subreddit": "kde",
			"title": "If you didn't know, you could contribute to KDE by sending anonymous reports about your usage and the system. It's completely anonymous and no personal data are collected. This way you can help KDE to improve Plasma.",
			"id": "kma1pw",
			"author": "allexj"
		},
		{
			"subreddit": "kde",
			"title": "My review of the Pine64 phone KDE Edition",
			"id": "laj665",
			"author": "somekool"
		},
		{
			"subreddit": "linuxmasterrace",
			"title": "KDE vs XFCE",
			"id": "l5isfm",
			"author": "RealPace3"
		},
		{
			"subreddit": "kde",
			"title": "What KDE config directories are safe to sync with my other computer?",
			"id": "lehr43",
			"author": "LiterallyJohnny"
		},
		{
			"subreddit": "Kubuntu",
			"title": "Why Kubuntu instead of KDE Neon?",
			"id": "l94bhy",
			"author": "MarcCDB"
		},
		{
			"subreddit": "kde",
			"title": "More Xmas presents from KDE: Say hello to NeoChat, the new instant messaging app for the Matrix network",
			"id": "kisd9d",
			"author": "Bro666"
		},
		{
			"subreddit": "kde",
			"title": "Which KDE apps do you use day to day?",
			"id": "l1hbad",
			"author": "extensiblefork"
		},
		{
			"subreddit": "linuxquestions",
			"title": "My system suddenly shutdown when I pressed super key plus some other key in awesome WM, I never configured any shortcut to shutdown in Awesome WM in Manjaro Linux KDE. So I check the system log and it says I pressed power down button. Cannot understand this. See below image",
			"id": "l8dkh4",
			"author": "z3n_k3rn3l"
		},
		{
			"subreddit": "kde",
			"title": "What's the most stable KDE distro ?",
			"id": "l5lfl7",
			"author": "1_7xr"
		},
		{
			"subreddit": "ManjaroLinux",
			"title": "Is it possible to disable or changer wallpaper of this place in KDE? (After sddm login.)",
			"id": "l21tos",
			"author": "ichikaomamori"
		},
		{
			"subreddit": "kde",
			"title": "MacOS/Windows like Multi-Touch Gestures config file for Touchegg KDE",
			"id": "kxots2",
			"author": "NayamAmarshe"
		},
		{
			"subreddit": "kde",
			"title": "KDE pinephone arrived",
			"id": "l2w1ih",
			"author": "LinuxKDEfan"
		},
		{
			"subreddit": "unixporn",
			"title": "[KDE Plasma] A rice for my ThinkPad",
			"id": "kbekgf",
			"author": "Rokre22"
		},
		{
			"subreddit": "linux4noobs",
			"title": "Hi! Just installed arch, and tried to install KDE, it installs correctly, but when I enable either sddm or sddm.service, this happens. If I boot onto my usb and chroot to disable them, I can get access to the system again.",
			"id": "ku73vm",
			"author": "metadududu"
		},
		{
			"subreddit": "ManjaroLinux",
			"title": "KDE vs. Gnome",
			"id": "ldja85",
			"author": "wildolivetree1117"
		},
		{
			"subreddit": "kde",
			"title": "In KDE's February 2021 Apps Update: Kongress hits version 1.0 and Calligra Plan reaches version 3.3 (plus tons of bugfixes and improvements)",
			"id": "lcebaj",
			"author": "Bro666"
		},
		{
			"subreddit": "linuxquestions",
			"title": "XFCE vs KDE?",
			"id": "l79vk3",
			"author": "Cully_83"
		},
		{
			"subreddit": "MenTy",
			"title": "D\u011blal jsem ten meme asi 2 hodiny, byl hotov\u00fd pain naj\u00edt to video kde to ud\u011blal ale snad to star\u0161\u00ed fanou\u0161ky MenTa jako jsem j\u00e1 pochop\u00ed a pot\u011b\u0161\u00ed je to :D",
			"id": "kwdl1j",
			"author": "melichar77"
		},
		{
			"subreddit": "kde",
			"title": "Is there a better scanner program for KDE than skanlite?",
			"id": "l6ddwp",
			"author": "nozendk"
		},
		{
			"subreddit": "kde",
			"title": "Linux KDE QT Text Editor (Kate Glass MOD) V1.2",
			"id": "kza4vl",
			"author": "rskkokcj"
		},
		{
			"subreddit": "linuxmasterrace",
			"title": "Just joined the masterrace (tuned KDE a little bit)",
			"id": "kz2uum",
			"author": "Wafelack"
		},
		{
			"subreddit": "kde",
			"title": "Pinephone Kde Plasma Mobile",
			"id": "l9grlc",
			"author": "loBljfEn"
		},
		{
			"subreddit": "UsabilityPorn",
			"title": "[KDE Plasma] I decided to customise my desktop because one taskbar wasn't enough. OS: openSUSE Tumbleweed.",
			"id": "l0wg5v",
			"author": "supertest156"
		},
		{
			"subreddit": "Slovakia",
			"title": "Kde investova\u0165/vlo\u017ei\u0165 peniaze v tejto pohnutej dobe?",
			"id": "lasn9o",
			"author": "Gabo188"
		},
		{
			"subreddit": "archlinux",
			"title": "KDE freezes after locking",
			"id": "lcojad",
			"author": "NateDevCSharp"
		},
		{
			"subreddit": "linuxmemes",
			"title": "I use KDE btw",
			"id": "k5qcnu",
			"author": "Santyx32"
		},
		{
			"subreddit": "kde",
			"title": "KDE devs: Please give us some guidelines to for troubleshooting Wayland / XWayland related bugs in Plasma.",
			"id": "l9kvy4",
			"author": "FreeVariable"
		},
		{
			"subreddit": "openSUSE",
			"title": "I Love and Hate KDE Kontact :(",
			"id": "l0wex6",
			"author": "sgarza"
		},
		{
			"subreddit": "kdeneon",
			"title": "For those that has been using the same KDE neon install for more than 6 months, how is the performamce?",
			"id": "l9kfp4",
			"author": "MarcellusDrum"
		},
		{
			"subreddit": "NextCloud",
			"title": "Create your own Linux ecosystem with Nextcloud, DavX5 and KDE Connect",
			"id": "l5eg9j",
			"author": "hexydes"
		},
		{
			"subreddit": "kde",
			"title": "Incorrect clipboard behavior in KDE/Kate and other programs",
			"id": "kqu90h",
			"author": "jojo_the_mofo"
		},
		{
			"subreddit": "fifqo",
			"title": "Ke\u010f d\u00e1\u0161 video kde hovori\u0161 ko\u013eko kr\u00e1t si to robil a reklama to vyu\u017eije",
			"id": "l9dtua",
			"author": "Expensive_Tomato3258"
		},
		{
			"subreddit": "linux",
			"title": "Releases for KDE software in January include KIO Fuse, an add-on that lets all applications like LibreOffice access remote files safely as if they were local; bugfixes; and new apps MyGNUHealth, KGeoTag and Kongress",
			"id": "kscuer",
			"author": "Bro666"
		},
		{
			"subreddit": "kde",
			"title": "KDE Goals \u2013 a year lost, a year gained",
			"id": "l3f5xo",
			"author": "AdamSzopa"
		},
		{
			"subreddit": "kde",
			"title": "MyGNUHealth is a new KDE application that monitors your health and protects your privacy.",
			"id": "l15hm9",
			"author": "aniqakhokhar"
		},
		{
			"subreddit": "linux",
			"title": "KDE Kate Text Editor - Search In Files & Multi-Threading",
			"id": "l84kbh",
			"author": "ChristophCullmann"
		},
		{
			"subreddit": "kde",
			"title": "KDE Connect - Custom build with Android 10 clipboard sync support",
			"id": "l2tc83",
			"author": "nulld3v"
		},
		{
			"subreddit": "kdeneon",
			"title": "Olders version of KDE Neon available?",
			"id": "l1bbfo",
			"author": "Panja0"
		},
		{
			"subreddit": "kde",
			"title": "I added new widget to KDE Connect",
			"id": "l1zy0n",
			"author": "Rion_de_Muerte"
		},
		{
			"subreddit": "kde",
			"title": "KDE Connect on HAIKU Os",
			"id": "krpttj",
			"author": "cosmogatokat"
		},
		{
			"subreddit": "Slovakia",
			"title": "Magick\u00e1 Pumpa kde ti splnia tajn\u00fa t\u00fa\u017ebu",
			"id": "l6uzbs",
			"author": "nikto123"
		},
		{
			"subreddit": "Gentoo",
			"title": "Thanks partly to you guys, I now have a working Gentoo install with KDE. Is there a good UI/app for configuring the kernel?",
			"id": "l0ycnr",
			"author": "Shelleen"
		},
		{
			"subreddit": "PINE64official",
			"title": "PinePhone KDE Community - Shipment Returned?",
			"id": "l6698t",
			"author": "bitwizardry_"
		},
		{
			"subreddit": "kde",
			"title": "How to make deep shadows in kde 20+",
			"id": "laoi0m",
			"author": "bksubhuti"
		},
		{
			"subreddit": "kde",
			"title": "Why is KDE slow and choppy with Nvidia?",
			"id": "lcuyrw",
			"author": "uniqpotatohead"
		},
		{
			"subreddit": "kde",
			"title": "This week in KDE: kio-fuse and NeoChat rise",
			"id": "kkk3eg",
			"author": "ognarb1"
		},
		{
			"subreddit": "archlinux",
			"title": "Default directories not there? Fresh install of Arch Linux, KDE Plasma DE",
			"id": "le9ey7",
			"author": "PrinCe_LoGic"
		},
		{
			"subreddit": "kde",
			"title": "Good touch friendly file browsers for kde?",
			"id": "lbq74g",
			"author": "nool_"
		},
		{
			"subreddit": "kde",
			"title": "Is there a KDE alternative to gnome disks?",
			"id": "l6w3q0",
			"author": "rrrsssttt"
		},
		{
			"subreddit": "linuxmasterrace",
			"title": "Little brother wanted me to install Linux on his new gaming computer! Got him set up with Arch + KDE (he\u2019s not in the wheel group, so he can\u2019t f*ck up the install lol)",
			"id": "kkmoju",
			"author": "K4r4kara"
		},
		{
			"subreddit": "kde",
			"title": "KDE connect in android seems to have many trackers, according to TrackerControl app. Had not expected this.",
			"id": "kwgwyo",
			"author": "digimith"
		},
		{
			"subreddit": "kde",
			"title": "This week in KDE: Usability bonanza",
			"id": "kbjog3",
			"author": "kdedev"
		},
		{
			"subreddit": "linux4noobs",
			"title": "Which one is good? Kde neon or kubuntu",
			"id": "lc7pjg",
			"author": "pokegamer5547"
		},
		{
			"subreddit": "Fedora",
			"title": "[Big noob question] I'm going to use the KDE spin...",
			"id": "la507b",
			"author": "_Samii_"
		},
		{
			"subreddit": "kde",
			"title": "How can we create a development environment for KDE on Debian stable?",
			"id": "la9atq",
			"author": "OG_Korilius"
		}
	],
	"kde,plasma": [
		{
			"subreddit": "unixporn",
			"title": "[KDE Plasma] Screenshot Moe themes update",
			"id": "kttq6f",
			"author": "jom4d4"
		},
		{
			"subreddit": "unixporn",
			"title": "[PLASMA] My first rice on EndeavourOS with KDE Plasma!",
			"id": "kt1qlg",
			"author": "BeerBellyPete"
		},
		{
			"subreddit": "kde",
			"title": "What is your KDE Plasma wish for 2021?",
			"id": "kn97ru",
			"author": "ManinaPanina"
		},
		{
			"subreddit": "ManjaroLinux",
			"title": "Manajro Catalina :) [KDE Plasma]",
			"id": "kwbrss",
			"author": "Arka543"
		},
		{
			"subreddit": "debian",
			"title": "Is Debian a good distro for KDE Plasma?",
			"id": "kyignf",
			"author": "LordRishav"
		},
		{
			"subreddit": "ManjaroLinux",
			"title": "I used BalenaEtcher (on Windows 10) to flash the Manjaro KDE Plasma ISO onto a usb stick. After flashing and validating, I plugged in the usb stick into my computer again, to check if anything is on the usb, and I see this. Anything wrong here?",
			"id": "l0rdcv",
			"author": "RekulousToad"
		},
		{
			"subreddit": "unixporn",
			"title": "[KDE Plasma] OITNB",
			"id": "kl2v0u",
			"author": "ag3ntn0x"
		},
		{
			"subreddit": "ManjaroLinux",
			"title": "Is XFCE really that much lighter than KDE Plasma?",
			"id": "ktthvv",
			"author": "AbdullahB192"
		},
		{
			"subreddit": "unixporn",
			"title": "[KDE Plasma] A rice for my ThinkPad",
			"id": "kbekgf",
			"author": "Rokre22"
		},
		{
			"subreddit": "UsabilityPorn",
			"title": "[KDE Plasma] I decided to customise my desktop because one taskbar wasn't enough. OS: openSUSE Tumbleweed.",
			"id": "l0wg5v",
			"author": "supertest156"
		},
		{
			"subreddit": "kde",
			"title": "Pinephone Kde Plasma Mobile",
			"id": "l9grlc",
			"author": "loBljfEn"
		},
		{
			"subreddit": "archlinux",
			"title": "Default directories not there? Fresh install of Arch Linux, KDE Plasma DE",
			"id": "le9ey7",
			"author": "PrinCe_LoGic"
		},
		{
			"subreddit": "unixporn",
			"title": "[KDE Plasma] Lenny 1.6",
			"id": "kccu33",
			"author": "jom4d4"
		},
		{
			"subreddit": "desktops",
			"title": "I just hopped on the nord bandwagon (Manjaro with KDE Plasma)",
			"id": "lahg6p",
			"author": "m_hrstv"
		},
		{
			"subreddit": "termux",
			"title": "Discord streaming from proot-distro LIVE in my kde plasma with animated wallpaper, sound and no root.",
			"id": "kvlm5z",
			"author": "GxmerSam"
		},
		{
			"subreddit": "pop_os",
			"title": "KDE plasma",
			"id": "l8nbjz",
			"author": "DeanoVIP"
		},
		{
			"subreddit": "ManjaroLinux",
			"title": "Macbook keyboard will not type apostrophes or accent marks. I am running Manjaro KDE Plasma on a macbook pro 2013. It has a Norwegian keyboard (as pictured), and the apostrophe button under escape only makes a \"|\". I am still pretty new to Linux. How can I customize it?",
			"id": "l0wam3",
			"author": "SuperGeneral64"
		},
		{
			"subreddit": "ManjaroLinux",
			"title": "Broken \"Application Style\" on KDE Plasma",
			"id": "l95j3g",
			"author": "meisep"
		},
		{
			"subreddit": "archlinux",
			"title": "Arch Linux KDE plasma stuck on [OK] Reached target Graphical Interface",
			"id": "l0mzba",
			"author": "Desperate4ArchHelp"
		},
		{
			"subreddit": "kde",
			"title": "Sway user considering switching to KDE Plasma (Wayland). How do I become productive with Plasma?",
			"id": "ldfckn",
			"author": "LiterallyJohnny"
		},
		{
			"subreddit": "windows",
			"title": "Unfortunately, something tells me this Windows 10 2021 concept featured in this video is actually a theme installed on a Linux distro, quite possibly using KDE Plasma. Thoughts on this anybody?",
			"id": "l7o1hr",
			"author": "Gamer7928"
		},
		{
			"subreddit": "UsabilityPorn",
			"title": "[KDE Plasma] refugee from unixporn",
			"id": "kamjvf",
			"author": "Joe23rep"
		},
		{
			"subreddit": "linuxmasterrace",
			"title": "The real reason for why I got a RTX 3080, Xorg usage with tens of windows open in KDE Plasma",
			"id": "kcevk3",
			"author": "thinkingcarbon"
		},
		{
			"subreddit": "kde",
			"title": "Global menu support for Firefox in KDE Plasma",
			"id": "l24bl4",
			"author": "_Ashley1227"
		},
		{
			"subreddit": "Fedora",
			"title": "Discover Fedora Kinoite: a Silverblue variant with the KDE Plasma desktop - Fedora Magazine",
			"id": "kxbra2",
			"author": "RheaAyase"
		},
		{
			"subreddit": "unixporn",
			"title": "[KDE Plasma] Updated Otto themes",
			"id": "jpv38h",
			"author": "jom4d4"
		},
		{
			"subreddit": "linux4noobs",
			"title": "KDE Plasma Desktop reconfigured Gnome on Ubuntu, how do I revert?",
			"id": "l7jazb",
			"author": "DocInLA"
		},
		{
			"subreddit": "kde",
			"title": "Use Pop_os And Switched From Gnome To Kde Plasma Still Getting Use To It But Love IT!!",
			"id": "k2hknv",
			"author": "TheyDontEven"
		},
		{
			"subreddit": "linux",
			"title": "KDE Plasma's System Monitor gets a facelift and a new backend, letting you keep track of all your machine's resources, such as how much space you have left on your hard disks, the load on your CPU and the applications slowing down your system",
			"id": "jne6bv",
			"author": "Bro666"
		},
		{
			"subreddit": "freebsd",
			"title": "I need help installing FreeBSD with the KDE Plasma desktop.",
			"id": "kwn5tv",
			"author": "Eri____"
		},
		{
			"subreddit": "linuxmasterrace",
			"title": "Was bullied into KDE Plasma and I love it now. (Arch BTW)",
			"id": "kl90ud",
			"author": "Raider812421"
		},
		{
			"subreddit": "kde",
			"title": "Stuttery video playback on kde plasma version 5.20.5",
			"id": "law9kp",
			"author": "PointBlank776"
		},
		{
			"subreddit": "unixporn",
			"title": "[KDE Plasma] My Daily Driver",
			"id": "kbqjau",
			"author": "haxguru"
		},
		{
			"subreddit": "archlinux",
			"title": "Yet another installation manual for encrypted root, systemd-boot and KDE Plasma.",
			"id": "l63zqd",
			"author": "Arjab"
		},
		{
			"subreddit": "kdeneon",
			"title": "Is KDE Neon and KDE Plasma the same? What's the difference?",
			"id": "l2s03i",
			"author": "YesILoveHentai"
		},
		{
			"subreddit": "Kalilinux",
			"title": "Help ; live usb kali not booting in precistence mode. I tried to install Kde plasma. When I try to boot in persistence mode it just freezes on a blank screen and the mouse flashes now and then.",
			"id": "lcor5c",
			"author": "flames010101"
		},
		{
			"subreddit": "kde",
			"title": "Unable to install Kde Plasma 5.21",
			"id": "l2raxr",
			"author": "CostanTito"
		},
		{
			"subreddit": "kde",
			"title": "How To Make Your KDE Plasma Desktop Look Aesthetic",
			"id": "k16q2s",
			"author": "linuxscoop"
		},
		{
			"subreddit": "kde",
			"title": "KDE Plasma: make mouse wrap from the right screen to the left screen?",
			"id": "le1pfr",
			"author": "Minerscale"
		},
		{
			"subreddit": "unixporn",
			"title": "[KDE Plasma] Nothing special, but I wanted to show it off anyway",
			"id": "jljx5n",
			"author": "PappaBeer71"
		},
		{
			"subreddit": "kde",
			"title": "KDE Plasma's System Monitor gets a facelift and a new backend, letting you keep track of all your machine's resources, such as how much space you have left on your hard disks, the load on your CPU and the applications slowing down your system",
			"id": "jne5tv",
			"author": "Bro666"
		},
		{
			"subreddit": "ManjaroLinux",
			"title": "Virtualbox dialog not responding to dialog window in kde plasma desktop.",
			"id": "kzrvjm",
			"author": "sir-jane"
		},
		{
			"subreddit": "kde",
			"title": "KDE Plasma is really buggy with my Nvidia Geforce GTX 660 Ti.",
			"id": "kysju4",
			"author": "AdelCraft"
		},
		{
			"subreddit": "thinkpad",
			"title": "My Thinkpad setup with Arch Linux and KDE Plasma 5 running Big Sur customized by myself with KVantum and other KDE themes",
			"id": "kora3y",
			"author": "vivekvaishya"
		},
		{
			"subreddit": "UsabilityPorn",
			"title": "[KDE Plasma] BTTF",
			"id": "kl3ph7",
			"author": "frenki79"
		},
		{
			"subreddit": "unixporn",
			"title": "[KDE Plasma] What's new in Moe themes",
			"id": "jh8za6",
			"author": "jom4d4"
		},
		{
			"subreddit": "kde",
			"title": "Top 10 KDE Plasma Tips to Make You Super Productive [2021 Edition]",
			"id": "kqxjbc",
			"author": "Mte90"
		},
		{
			"subreddit": "linuxmint",
			"title": "Going to try KDE Plasma",
			"id": "lcukoe",
			"author": "grumpycroc"
		},
		{
			"subreddit": "kde",
			"title": "A weird titlebar scaling bug in KDE Plasma version 5.20.5-1 running on Xorg version 1.20.10-3 and Nvidia drivers",
			"id": "l5a5ex",
			"author": "Hour-Replacement9698"
		},
		{
			"subreddit": "System76",
			"title": "KDE Plasma Desktop Graphics Tearing Issue?",
			"id": "kyodqm",
			"author": "timnolte"
		},
		{
			"subreddit": "kde",
			"title": "Does anybody know how to get i3wm and KDE Plasma to work together?",
			"id": "kj6xst",
			"author": "LiterallyJohnny"
		},
		{
			"subreddit": "archlinux",
			"title": "KDE Plasma crashes on arch-5.10.10-arch1-1",
			"id": "l4jwnk",
			"author": "DarwinsBuddy"
		},
		{
			"subreddit": "PinePhoneOfficial",
			"title": "Disabling SSH (Manjaro KDE Plasma)?",
			"id": "lbbabu",
			"author": "eighthourblink"
		},
		{
			"subreddit": "kde",
			"title": "Discover Fedora Kinoite: a Silverblue variant with the KDE Plasma desktop - Fedora Magazine",
			"id": "kxqr2s",
			"author": "disrooter"
		},
		{
			"subreddit": "unixporn",
			"title": "[KDE Plasma] Otto, Plasma 5.20",
			"id": "j63lsj",
			"author": "jom4d4"
		},
		{
			"subreddit": "pop_os",
			"title": "Using KDE Plasma on Pop. Perf tolls?",
			"id": "l0w2c0",
			"author": "yashank09"
		},
		{
			"subreddit": "kde",
			"title": "Keyboard shortcut to maximize the window in KDE plasma.",
			"id": "lcg8md",
			"author": "Environmental_Yam_51"
		},
		{
			"subreddit": "kde",
			"title": "How can I upgrade KDE Plasma on Kubuntu 20.04?",
			"id": "keuido",
			"author": "haxguru"
		},
		{
			"subreddit": "gnome",
			"title": "How to estore the previous session after login, like kde plasma?",
			"id": "l5rj8h",
			"author": "flakesrc"
		},
		{
			"subreddit": "kde",
			"title": "KDE Plasma 5.20.4 is now available",
			"id": "k4neae",
			"author": "jari_45"
		},
		{
			"subreddit": "linuxquestions",
			"title": "Are Nvidia users just out of luck with KDE Plasma performance in the near future?",
			"id": "l98xbc",
			"author": "n988"
		},
		{
			"subreddit": "unixporn",
			"title": "[KDE PLASMA] Best of Both World",
			"id": "k55v1t",
			"author": "Azureiya"
		},
		{
			"subreddit": "i3wm",
			"title": "How can I make i3wm work as fluid as KDE Plasma?",
			"id": "kv8hx8",
			"author": "LiterallyJohnny"
		},
		{
			"subreddit": "UsabilityPorn",
			"title": "[KDE Plasma] Daily home office setup",
			"id": "kwpwk6",
			"author": "barrym0r3"
		},
		{
			"subreddit": "unixporn",
			"title": "[KDE Plasma + Herbstluftwm] New setup on Void Linux",
			"id": "jndfw9",
			"author": "RiccardoPP"
		},
		{
			"subreddit": "kde",
			"title": "[HELP] Animations on KDE Plasma not working properly",
			"id": "kpphjn",
			"author": "brownieinutil"
		},
		{
			"subreddit": "archlinux",
			"title": "How to install KDE Plasma without installing all that bloat (games, edu packages, and other stuff)?",
			"id": "kwi9n8",
			"author": "BaB1407"
		},
		{
			"subreddit": "kde",
			"title": "Best KDE plasma distro ?!",
			"id": "kexn49",
			"author": "1_7xr"
		},
		{
			"subreddit": "linux",
			"title": "Discover Fedora Kinoite: a Silverblue variant with the KDE Plasma desktop - Fedora Magazine",
			"id": "kxfu52",
			"author": "spyder0080"
		},
		{
			"subreddit": "ManjaroLinux",
			"title": "Which preinstalled Software isnt necessary for Manjaro/KDE Plasma 5.20.5 ?",
			"id": "l1hwau",
			"author": "6inches_with_2balls"
		},
		{
			"subreddit": "kde",
			"title": "why is the application launcher so big (running KDE Plasma 1.19.5)",
			"id": "jnwwov",
			"author": "Karem34"
		},
		{
			"subreddit": "linuxmint",
			"title": "KDE Plasma 20 on Mint 19.3?",
			"id": "ld1esn",
			"author": "YellowSub17"
		},
		{
			"subreddit": "openSUSE",
			"title": "How to disable tap to click on KDE Plasma 5.20.4 ?",
			"id": "ketef0",
			"author": "achauv1"
		},
		{
			"subreddit": "ManjaroLinux",
			"title": "Ungodly number of conflicting files when trying to reinstall KDE Plasma",
			"id": "l113u6",
			"author": "ChromaCat248"
		},
		{
			"subreddit": "kde",
			"title": "How might I start putting together a KDE Plasma widget stock-ticker?",
			"id": "l65m26",
			"author": "Donnoleth-Tinkerton"
		},
		{
			"subreddit": "pop_os",
			"title": "If pop had a KDE plasma flavor, how it would be called?",
			"id": "l1tix1",
			"author": "vega_D"
		},
		{
			"subreddit": "kde",
			"title": "Buttery smooth KDE Plasma: How i got it working",
			"id": "kvpwko",
			"author": "Ilurkthere4iam"
		},
		{
			"subreddit": "pinephone",
			"title": "Could KDE Plasma Mobile Be The Pure GNU/Linux Android Replacement\u203d",
			"id": "k6pb73",
			"author": "Elatronion"
		},
		{
			"subreddit": "linuxmint",
			"title": "Just tried KDE Plasma, looks really good.",
			"id": "ks9a7p",
			"author": "kreetikal"
		},
		{
			"subreddit": "ManjaroLinux",
			"title": "KDE Plasma 5.20.5 Just Dropped",
			"id": "l0v2ft",
			"author": "sw4rfega"
		},
		{
			"subreddit": "archlinux",
			"title": "Very laggy KDE Plasma using HDMI",
			"id": "k517rc",
			"author": "AhhhhhhAhhhhhh"
		},
		{
			"subreddit": "ProtonMail",
			"title": "Manjaro KDE Plasma + Proton Bridge",
			"id": "ksm5nl",
			"author": "HOOKER_HUGGER"
		},
		{
			"subreddit": "debian",
			"title": "KDE Plasma version on Debian 11",
			"id": "k5v2m5",
			"author": "Sir-Simon-Spamalot"
		},
		{
			"subreddit": "unixporn",
			"title": "[KDE Plasma] Saw the Lush rice from #sudo on YouTube and made a few customizations of my own",
			"id": "jdqk99",
			"author": "Nerf190"
		},
		{
			"subreddit": "debian",
			"title": "sudo doesn't accept the right password in Debian kde plasma environment",
			"id": "kjq0uk",
			"author": "TheGuyInTheBackRow"
		},
		{
			"subreddit": "desktops",
			"title": "Linux (KDE Plasma) Aurora rice Update",
			"id": "kb7fcv",
			"author": "Joe23rep"
		},
		{
			"subreddit": "archlinux",
			"title": "[KDE Plasma] Fullscreen applications change scaling of taskbar-icons?",
			"id": "l1x6sw",
			"author": "Arjab"
		},
		{
			"subreddit": "linuxquestions",
			"title": "KDE Plasma, Nvidia, low performance, low fps",
			"id": "kkiwot",
			"author": "PineAndApplePizza"
		},
		{
			"subreddit": "desktops",
			"title": "KDE Plasma",
			"id": "l6nf29",
			"author": "Basewrecker"
		},
		{
			"subreddit": "kde",
			"title": "Why does my kde plasma bar glitches like that??",
			"id": "l3kv9a",
			"author": "YanMark042"
		},
		{
			"subreddit": "kde",
			"title": "KDE Plasma has the best animations on any Distro or OS",
			"id": "jh75yf",
			"author": "grandchiefbaland"
		},
		{
			"subreddit": "kde",
			"title": "KDE Plasma Customized to look like lomiri(Unity8)",
			"id": "jdioc6",
			"author": "muff2"
		},
		{
			"subreddit": "linux4noobs",
			"title": "Can't install manjaro kde plasma, just keeps looping install.",
			"id": "kyj7am",
			"author": "Asdfasdfasdfgame"
		},
		{
			"subreddit": "openSUSE",
			"title": "Rounded Corners/Shape Corners on KDE Plasma",
			"id": "khuorc",
			"author": "RyuKetsueki"
		},
		{
			"subreddit": "kde",
			"title": "This week in KDE: Plasma 5.20 released, and looking forwards",
			"id": "jcvfoo",
			"author": "Akraii"
		},
		{
			"subreddit": "PINE64official",
			"title": "AP6256 drivers for wifi/bluetooth Manjaro-ARM-kde-plasma-rockpro64-20.12.1",
			"id": "ldcd1l",
			"author": "silverfangme"
		},
		{
			"subreddit": "linux4noobs",
			"title": "Macbook keyboard will not type apostrophes or accent marks. I am running Manjaro KDE Plasma on a macbook pro 2013. It has a Norwegian keyboard (as pictured), and the apostrophe button under escape only makes a \"|\". I am still pretty new to Linux. How can I customize it?",
			"id": "l0xxe2",
			"author": "SuperGeneral64"
		},
		{
			"subreddit": "opensource",
			"title": "KDE Plasma 5.20 was just released ,by all accounts a massive release, Plasma 5.20 comes with tons of new features and improvements which will make your Plasma desktop experience easier, smoother and more fun.",
			"id": "jabl1g",
			"author": "AronKov"
		},
		{
			"subreddit": "pop_os",
			"title": "KDE plasma on Linux",
			"id": "k8v8v1",
			"author": "White_Monster_02"
		},
		{
			"subreddit": "ManjaroLinux",
			"title": "Manjaro KDE Plasma - Install apps on a different drive",
			"id": "l3b3d5",
			"author": "Shivayl"
		}
	],
	"kde,krita": [
		{
			"subreddit": "AbhiFXTech",
			"title": "Open Source Painting and Illustration App Krita 4.4.0 Released #digitalpainting #illustration #kde #krita #linux #opensource",
			"id": "jbh4qh",
			"author": "abhifxtech"
		},
		{
			"subreddit": "AbhiFXTech",
			"title": "Open Source Digital Painting App Krita 4.3 Released. Android gets a Beta Port #art #digitalpainting #kde #krita #opensource #Android",
			"id": "hd937g",
			"author": "abhifxtech"
		},
		{
			"subreddit": "kde",
			"title": "Found some kind of kde/krita ripoff",
			"id": "ak08i4",
			"author": "andro-boulougouris"
		},
		{
			"subreddit": "kde",
			"title": "Coloring a webcomic with KDE's Krita paint software (nice timelapse video).",
			"id": "3y5xuy",
			"author": "Bro666"
		},
		{
			"subreddit": "psnebc",
			"title": "Linux | Fedora 27 | Flatpak | flatpak uninstall org.kde.krita/x86_64/stable",
			"id": "8bpf2l",
			"author": "patrickschanen"
		},
		{
			"subreddit": "Newsbeard",
			"title": "[Tech] KDE's Krita 3.0 Now In Beta",
			"id": "4go4cs",
			"author": "newsbeard"
		},
		{
			"subreddit": "Newsbeard",
			"title": "[Tech] KDE's Krita 3.0 Officially Released",
			"id": "4lurk3",
			"author": "newsbeard"
		},
		{
			"subreddit": "linux",
			"title": "Problems with some open source projects through the eyes of a beginner developer[opinion]",
			"id": "geoeau",
			"author": "krutkrutrar"
		},
		{
			"subreddit": "opensource",
			"title": "Problems with some open source projects through the eyes of a beginner developer[opinion]",
			"id": "gf7fq2",
			"author": "krutkrutrar"
		},
		{
			"subreddit": "bash",
			"title": "Does my install script use best practices or do anything dangerous?",
			"id": "d26824",
			"author": "HarmonicAscendant"
		},
		{
			"subreddit": "krita",
			"title": "Need help with user testing: brush rotation changed to work with pressure in -180...180 range",
			"id": "fhe68a",
			"author": "-tiar-"
		},
		{
			"subreddit": "krita",
			"title": "Change default file manager on Linux",
			"id": "cmnm5r",
			"author": "JigglyWiggly_"
		},
		{
			"subreddit": "krita",
			"title": "python scripting: using a second script to manage the ui doesn't work",
			"id": "ab75e1",
			"author": "nolanfa"
		},
		{
			"subreddit": "krita",
			"title": "Need help re-adding the reference docker in Krita 4.0.3 on Linux Mint",
			"id": "8m5h1m",
			"author": "DustyMudflap"
		},
		{
			"subreddit": "krita",
			"title": "[help/question] [Windows] build with cmake 3.8 or cmake version 3.11.4?",
			"id": "9fmtn2",
			"author": "xThomas"
		},
		{
			"subreddit": "linuxquestions",
			"title": "Should I be using Wayland already? (Oct 2016)",
			"id": "59o1m2",
			"author": "insomniac_lemon"
		},
		{
			"subreddit": "psnebc",
			"title": "Linux | Krita | Install | Download",
			"id": "8bp889",
			"author": "patrickschanen"
		},
		{
			"subreddit": "debian",
			"title": "Is it plausible to build Krita 2.9 on Debian from source?",
			"id": "4a2wef",
			"author": "CrystalLord"
		},
		{
			"subreddit": "kde",
			"title": "KDE devs release updates for multiple apps, including Krita, the popular program for painters, that gets advanced new features; Partition Manager supports more use cases; and Konversation (chat IRC program) gets a dark theme",
			"id": "jom2ud",
			"author": "Bro666"
		},
		{
			"subreddit": "linux",
			"title": "KDE devs release updates for multiple apps, including Krita, the popular program for painters, that gets advanced new features; Partition Manager supports more use cases; and Konversation (chat IRC program) gets a dark theme",
			"id": "jom35o",
			"author": "Bro666"
		},
		{
			"subreddit": "archlinux",
			"title": "Why are some KDE application (Krita...) missing from the groups/metapackages",
			"id": "jo9r0x",
			"author": "TheFrenchGhosty"
		},
		{
			"subreddit": "linux",
			"title": "Krita, KDE's application for graphic artists, has a Beta Android version. Here are two reviews that put it to the test",
			"id": "grhp1l",
			"author": "Bro666"
		},
		{
			"subreddit": "kde",
			"title": "Krita, KDE's application for graphic artists, has a Beta Android version. Here are two reviews that put it to the test",
			"id": "grho7y",
			"author": "Bro666"
		},
		{
			"subreddit": "linux",
			"title": "PrivateInternetAccess, a privacy-focused VPN provider, and huge contributor to many open-source projects (KDE, Blender, GNOME, Krita, freenode...) is merging with Kape, a company well known for exploiting user data and distributing deceiptive, privacy-threatening software.",
			"id": "e0hds6",
			"author": "cosuhi"
		},
		{
			"subreddit": "kde",
			"title": "Google Summer of Code is kicking off with students working on Krita, Kdenlive, Cantor, digiKam and many more KDE apps",
			"id": "ggc5ti",
			"author": "Bro666"
		},
		{
			"subreddit": "krita",
			"title": "[Linux/KDE] Cannot open folder navigator within Krita",
			"id": "hvi73b",
			"author": "madamlaunch"
		},
		{
			"subreddit": "removalbot",
			"title": "08-31 07:56 - 'IIRC it was part of Calligra Office for KDE, there was a vector program like Inkscape in it too. I wonder if that's why. Krita in sweedish means Crayon.' by /u/electricprism removed from /r/linux within 547-557min",
			"id": "ijtxsp",
			"author": "removalbot"
		},
		{
			"subreddit": "removalbot",
			"title": "08-31 08:40 - 'I think Krita chose Qt and KDE because gnome is hell. I wonder if gnome is holding back stuff inkscape suffers too.' by /u/Aiena-G removed from /r/linux within 673-683min",
			"id": "ijue7a",
			"author": "removalbot"
		},
		{
			"subreddit": "libredesign",
			"title": "Krita, KDE's application for graphic artists, has a Beta Android version. Here are two reviews that put it to the test",
			"id": "grhq1z",
			"author": "Bro666"
		},
		{
			"subreddit": "linux",
			"title": "KDE will be showing off Plasma Mobile devices, Plasma on a RISC V board, live demos of Krita and Kdenlive and more stuff at FOSDEM this weekend",
			"id": "albikq",
			"author": "Bro666"
		},
		{
			"subreddit": "StallmanWasRight",
			"title": "PrivateInternetAccess, a privacy-focused VPN provider, and huge contributor to many open-source projects (KDE, Blender, GNOME, Krita, freenode...) is merging with Kape, a company well known for exploiting user data and distributing deceiptive, privacy-threatening software.",
			"id": "e0jbj7",
			"author": "john_brown_adk"
		},
		{
			"subreddit": "kde",
			"title": "KDE will be showing off Plasma Mobile devices, Plasma on a RISC V board, live demos of Krita and Kdenlive and more stuff at FOSDEM this weekend",
			"id": "albigi",
			"author": "Bro666"
		},
		{
			"subreddit": "krita",
			"title": "Do these buttons (ok and cancel) look normal for krita in kde plasma?",
			"id": "dxygty",
			"author": "franzcoz"
		},
		{
			"subreddit": "linux",
			"title": "KDE Bugsquad - Kickoff with Krita! - Part 1 on September 15th, 2018",
			"id": "9f7giz",
			"author": "acrouthamel"
		},
		{
			"subreddit": "linux",
			"title": "Krita 4.0, LG Open Sources webOS, Mintbox Mini 2, AMD Radeon-Rays, Wayfire, GNOME Shell Memory Leak, Node.js Snap, BitKey, Inkscape, Darktable & KDE Connect | This Week in Linux 25",
			"id": "87b0a2",
			"author": "MichaelTunnell"
		},
		{
			"subreddit": "linuxquestions",
			"title": "How well does the latest HP Envy x2, with Intel chipset, work with KDE? I\u2019m looking for a small Linux netbook with good performance that can run Krita and do gamedev.",
			"id": "btezpl",
			"author": "pmCreatureMonsterArt"
		},
		{
			"subreddit": "linux",
			"title": "KDE Plasma 5.14, Zabbix 4.0, Krita Fundraiser, Google+ Shut Down, Oomox Theme Customizer, Mageia, antiX, Calculate Linux, NixOS, Stratis 1.0 & more! | This Week in Linux 40",
			"id": "9n0mln",
			"author": "MichaelTunnell"
		},
		{
			"subreddit": "krita",
			"title": "KDE Bugsquad \u2013 Kickoff with Krita! \u2013 Part 2 on October 2nd, 2018",
			"id": "9j236r",
			"author": "acrouthamel"
		},
		{
			"subreddit": "kde",
			"title": "KDE Bugsquad - Kickoff with Krita! - Part 1 on September 15th, 2018",
			"id": "9f7dl0",
			"author": "acrouthamel"
		},
		{
			"subreddit": "linux",
			"title": "KDE Bugsquad \u2013 Kickoff with Krita! \u2013 Part 2 on October 2nd, 2018",
			"id": "9j236k",
			"author": "acrouthamel"
		},
		{
			"subreddit": "kde",
			"title": "KDE Bugsquad \u2013 Kickoff with Krita! \u2013 Part 2 on October 2nd, 2018",
			"id": "9j236j",
			"author": "acrouthamel"
		},
		{
			"subreddit": "krita",
			"title": "Building Krita, multiple KDE Frameworks dependency problems...",
			"id": "847ejw",
			"author": "MrHandsomePixel"
		},
		{
			"subreddit": "krita",
			"title": "Timelapse video of a rendition of the KDE dragon using Krita",
			"id": "a0wnd0",
			"author": "ChrisTalleras"
		},
		{
			"subreddit": "linux",
			"title": "Last day for KDE Randa 2014 and Krita fundraisers. Get your last donations in!",
			"id": "2a81ie",
			"author": "tsdgeos"
		},
		{
			"subreddit": "linuxquestions",
			"title": "What are free softwares that outclasses prorietary alternatives",
			"id": "klrmdi",
			"author": "allexj"
		},
		{
			"subreddit": "linux",
			"title": "I'm on the fence again of going back to W10 full time - and feeling tired",
			"id": "kmf46s",
			"author": "maboleth"
		},
		{
			"subreddit": "linux",
			"title": "Contest: Create a New Konqi(KDE Mascot) with Krita and Win Prizes and Fame!",
			"id": "14k0au",
			"author": "redsteakraw"
		},
		{
			"subreddit": "kde",
			"title": "KDE is the most welcoming and warm community, says Krita maintainer Boudewijn Rempt",
			"id": "1d12xn",
			"author": "apoisel"
		},
		{
			"subreddit": "rss_LeblogdeNicoLargo",
			"title": "Installation de Krita sous Ubuntu (non KDE)",
			"id": "6y9v9p",
			"author": "kamaradclimber"
		},
		{
			"subreddit": "kde",
			"title": "Contest: Create the New Konqi(KDE Mascot) with Krita and Win Prizes and Fame!",
			"id": "14k0du",
			"author": "redsteakraw"
		},
		{
			"subreddit": "opensource",
			"title": "Contest: Create a New Konqi (KDE Mascot) with Krita, Win Prizes and Fame!",
			"id": "14k08f",
			"author": "redsteakraw"
		},
		{
			"subreddit": "kde",
			"title": "Last day for KDE Randa 2014 and Krita fundraisers. Get your last donations in!",
			"id": "2a81iy",
			"author": "tsdgeos"
		},
		{
			"subreddit": "SurfaceLinux",
			"title": "Krita on Linux",
			"id": "krgw1a",
			"author": "PrimaryGhost"
		},
		{
			"subreddit": "linux",
			"title": "Krita: The KDE Answer to GIMP",
			"id": "djg6c",
			"author": "Chris7mas"
		},
		{
			"subreddit": "opensource",
			"title": "Last day for KDE Randa 2014 and Krita fundraisers. Get your last donations in!",
			"id": "2a82x0",
			"author": "JRepin"
		},
		{
			"subreddit": "gerlinux",
			"title": "Vorstellung Zeichenprogramm f\u00fcr den KDE-Desktop: Krita",
			"id": "2nkfv5",
			"author": "Strubbl"
		},
		{
			"subreddit": "linuxhardware",
			"title": "First Linux Laptop along with a Surface",
			"id": "kkuhu7",
			"author": "PrimaryGhost"
		},
		{
			"subreddit": "pop_os",
			"title": "A bizarre \"could not parse file\" error in upgrade process",
			"id": "lcm37z",
			"author": "FalseDinner335"
		},
		{
			"subreddit": "Android",
			"title": "Krita is a free desktop grade drawing application for android tablets.",
			"id": "ix1lec",
			"author": "Feisty_Camel"
		},
		{
			"subreddit": "SamsungDex",
			"title": "Graphics Tablet working with Krita on Dex!",
			"id": "jsj2tc",
			"author": "mwvent"
		},
		{
			"subreddit": "Android",
			"title": "First Krita Beta for Android and ChromeOS in Play Store | Krita",
			"id": "gp5ue7",
			"author": "najodleglejszy"
		},
		{
			"subreddit": "kde",
			"title": "KDE should focus on becoming THE reference in open source content creation tools",
			"id": "ibqda2",
			"author": "Cleytinmiojo"
		},
		{
			"subreddit": "FindMeADistro",
			"title": "KDE Neon or Kubuntu",
			"id": "k4x5tl",
			"author": "Cremsbrite"
		},
		{
			"subreddit": "openSUSE",
			"title": "I have a serious problem with my Wacom stylus, I hope anyone can help",
			"id": "ju2iw6",
			"author": "Pisodeuorrior"
		},
		{
			"subreddit": "FindMeADistro",
			"title": "Focus: Leaning digital art, and daily use.",
			"id": "kiael4",
			"author": "Steirnen"
		},
		{
			"subreddit": "kde",
			"title": "KDE.org gets a facelift. Check out KDE's new landing page and what it has to offer",
			"id": "g4aqwy",
			"author": "Bro666"
		},
		{
			"subreddit": "krita",
			"title": "Problem with shortcuts",
			"id": "k1z02r",
			"author": "Pisodeuorrior"
		},
		{
			"subreddit": "krita",
			"title": "Want To Create Plugins Between Krita and Stream Deck",
			"id": "k39ee4",
			"author": "theMrEl"
		},
		{
			"subreddit": "FindMeADistro",
			"title": "Im searching a good distro with my requirments",
			"id": "jut9sg",
			"author": "Yoichi_Tech"
		},
		{
			"subreddit": "krita",
			"title": "Esc as a hotkey doesn't work on canvas",
			"id": "jvtw7s",
			"author": "wallkick"
		},
		{
			"subreddit": "kde",
			"title": "When Calligra office available via AppImage/Flatpak/Snap ?",
			"id": "jabe5r",
			"author": "STP_79"
		},
		{
			"subreddit": "kde",
			"title": "Krita is crashing kubuntu",
			"id": "i69jnf",
			"author": "corleon07"
		},
		{
			"subreddit": "traaaaaaannnnnnnnnns",
			"title": "Has anyone ever noticed that the Krita splash screen has a trans flag themed girl on it??? I know the colors aren't in the right order, but coincidence?",
			"id": "gghve2",
			"author": "Preferred_Pronoun"
		},
		{
			"subreddit": "krita",
			"title": "How to start contributing to Krita?",
			"id": "juh7op",
			"author": "PP_Official"
		},
		{
			"subreddit": "krita",
			"title": "Hand / pan tool bug.",
			"id": "j3nnkn",
			"author": "lovelylines7"
		},
		{
			"subreddit": "linux",
			"title": "About \"Qt Offering Changes 2020\"",
			"id": "evb88a",
			"author": "aKateDev"
		},
		{
			"subreddit": "removalbot",
			"title": "11-06 07:48 - '[quote] So that's why my the buttons on my Huion H610 Pro don't work. [There is a solution on Digimend's Github], which worked for me for two days and then it didn't. I think kernel or libinput updates? If yes, than this is a b...' by /u/Negirno removed from /r/linux within 474-484min",
			"id": "jp12tp",
			"author": "removalbot"
		},
		{
			"subreddit": "kde",
			"title": "List your favourite/best KDE apps!",
			"id": "gb8afr",
			"author": "CarMol7"
		},
		{
			"subreddit": "kde",
			"title": "Looking at KDE apps in different app stores",
			"id": "fr9ub4",
			"author": "AdamSzopa"
		},
		{
			"subreddit": "krita",
			"title": "GPG public key to verity Krita 4.4.0",
			"id": "jitbi0",
			"author": "Liddo-kun"
		},
		{
			"subreddit": "linuxquestions",
			"title": "Gimp vs Krita",
			"id": "hjizg3",
			"author": "Jacko10101010101"
		},
		{
			"subreddit": "programming",
			"title": "About \"Qt Offering Changes 2020\"",
			"id": "evb4u2",
			"author": "aKateDev"
		},
		{
			"subreddit": "linux4noobs",
			"title": "[KDE Neon] Can I bind \"Game Controller\" buttons to key combinations?",
			"id": "iou5ad",
			"author": "DropaLog"
		},
		{
			"subreddit": "krita",
			"title": "Is Krita supposed to not use my default file manage for choosing files?",
			"id": "imte76",
			"author": "veinss"
		},
		{
			"subreddit": "linux",
			"title": "Digital Painting. Krita for beginners [Krita launches official youtube channel]",
			"id": "ckz5qp",
			"author": "raghukamath"
		},
		{
			"subreddit": "linuxquestions",
			"title": "Trying out Linux as a daily driver, what cool things should I know about?",
			"id": "fqi1ym",
			"author": "pragmojo"
		},
		{
			"subreddit": "linux",
			"title": "Back from the Blender Conference 2019 - Krita Developers",
			"id": "dn0dpx",
			"author": "raghukamath"
		},
		{
			"subreddit": "linux",
			"title": "Test Driving Gnome3 on a Tablet (Surface Pro 3)",
			"id": "fux4n6",
			"author": "billFoldDog"
		},
		{
			"subreddit": "removalbot",
			"title": "09-22 19:26 - 'So close to completely changing over...' (self.linux) by /u/RogueFactor removed from /r/linux within 507-517min",
			"id": "ixud4u",
			"author": "removalbot"
		},
		{
			"subreddit": "kde",
			"title": "Krita Receives Epic Megagrant",
			"id": "ecbbww",
			"author": "hellozee54"
		},
		{
			"subreddit": "krita",
			"title": "Canvas Input Settings stop working after every minute or so",
			"id": "iwe2ji",
			"author": "Pisodeuorrior"
		},
		{
			"subreddit": "kdenlive",
			"title": "Some suggestions for the devs to improve Kdenlive.",
			"id": "glf8fi",
			"author": "TheHandsomeLifeYT"
		},
		{
			"subreddit": "krita",
			"title": "Krita 4.2.8 released! Improvements in autoprecision, extremely save saving on Windows and more!",
			"id": "e2gvw7",
			"author": "-tiar-"
		},
		{
			"subreddit": "krita",
			"title": "Wacom pen cursor offset",
			"id": "iu98ik",
			"author": "paradox551"
		},
		{
			"subreddit": "Qubes",
			"title": "Qubes Optimal Setup (General Use Laptop)",
			"id": "gi3v71",
			"author": "bawdyanarchist"
		},
		{
			"subreddit": "krita",
			"title": "Performance Krita 4.3 on Manjaro (With a fully loaded MacbookPro Late-2013)",
			"id": "ieynzp",
			"author": "dcunit3d"
		},
		{
			"subreddit": "krita",
			"title": "The Start page could do with some polishing",
			"id": "hbg2lj",
			"author": "mount2010"
		},
		{
			"subreddit": "ShouldIUseThisApp",
			"title": "YSU Krita! An opensource Free digital painting app available for MacOS, Windows, Linux, and for Android(Alpha)",
			"id": "ib9iin",
			"author": "stpaulgym"
		},
		{
			"subreddit": "Ubuntu",
			"title": "I join the Ubuntu community after using Windows since 3.1",
			"id": "c0zy32",
			"author": "SethLeBatard"
		},
		{
			"subreddit": "kde",
			"title": "Which KDE/Qt App you use doesn't support HiDPI?",
			"id": "d0ykzu",
			"author": "guoyunhe"
		}
	]
}
