[
	{
		"viewCount": "21559",
		"likeCount": "2579",
		"dislikeCount": "22",
		"favoriteCount": "0",
		"commentCount": "285",
		"id": "ahEWG4JCA1w"
	},
	{
		"viewCount": "1931",
		"likeCount": "243",
		"dislikeCount": "1",
		"favoriteCount": "0",
		"commentCount": "29",
		"id": "8s2Jvrp2HyA"
	},
	{
		"viewCount": "919",
		"likeCount": "47",
		"dislikeCount": "0",
		"favoriteCount": "0",
		"commentCount": "3",
		"id": "vMVd3q3bfx4"
	},
	{
		"viewCount": "159",
		"likeCount": "6",
		"dislikeCount": "0",
		"favoriteCount": "0",
		"commentCount": "1",
		"id": "uKx6x0qlvnY"
	},
	{
		"viewCount": "205",
		"likeCount": "11",
		"dislikeCount": "0",
		"favoriteCount": "0",
		"commentCount": "0",
		"id": "gj4XV0PMKZw"
	},
	{
		"viewCount": "446",
		"likeCount": "26",
		"dislikeCount": "0",
		"favoriteCount": "0",
		"commentCount": "1",
		"id": "xVz3VgNjexY"
	},
	{
		"viewCount": "189",
		"likeCount": "10",
		"dislikeCount": "0",
		"favoriteCount": "0",
		"commentCount": "0",
		"id": "hD7faJM2BYA"
	},
	{
		"viewCount": "27",
		"likeCount": "3",
		"dislikeCount": "0",
		"favoriteCount": "0",
		"commentCount": "0",
		"id": "eIqTsT6UtT0"
	},
	{
		"viewCount": "47",
		"likeCount": "4",
		"dislikeCount": "0",
		"favoriteCount": "0",
		"commentCount": "0",
		"id": "eW2sv_8RunY"
	},
	{
		"viewCount": "62",
		"likeCount": "3",
		"dislikeCount": "0",
		"favoriteCount": "0",
		"commentCount": "1",
		"id": "k8jSULzq-tQ"
	},
	{
		"viewCount": "22",
		"likeCount": "2",
		"dislikeCount": "0",
		"favoriteCount": "0",
		"commentCount": "1",
		"id": "dDNj15o9YRY"
	},
	{
		"viewCount": "72",
		"likeCount": "4",
		"dislikeCount": "0",
		"favoriteCount": "0",
		"commentCount": "1",
		"id": "vBn6U-Aq2cs"
	},
	{
		"viewCount": "42",
		"likeCount": "4",
		"dislikeCount": "0",
		"favoriteCount": "0",
		"commentCount": "0",
		"id": "WS1XUW_4FcY"
	},
	{
		"viewCount": "49",
		"likeCount": "5",
		"dislikeCount": "0",
		"favoriteCount": "0",
		"commentCount": "0",
		"id": "XoAJ0Wl3z9U"
	},
	{
		"viewCount": "137",
		"likeCount": "6",
		"dislikeCount": "0",
		"favoriteCount": "0",
		"commentCount": "0",
		"id": "xW9uTxAoULU"
	},
	{
		"viewCount": "43",
		"likeCount": "0",
		"dislikeCount": "0",
		"favoriteCount": "0",
		"commentCount": "0",
		"id": "zDfxM6vcuEo"
	},
	{
		"viewCount": "108",
		"likeCount": "11",
		"dislikeCount": "0",
		"favoriteCount": "0",
		"commentCount": "3",
		"id": "f_74zq8IcOw"
	},
	{
		"viewCount": "51",
		"likeCount": "2",
		"dislikeCount": "0",
		"favoriteCount": "0",
		"commentCount": "0",
		"id": "OTAh1_YXXb0"
	},
	{
		"viewCount": "61",
		"likeCount": "1",
		"dislikeCount": "0",
		"favoriteCount": "0",
		"commentCount": "0",
		"id": "QeOHV8myQ5E"
	},
	{
		"viewCount": "11",
		"likeCount": "1",
		"dislikeCount": "0",
		"favoriteCount": "0",
		"commentCount": "0",
		"id": "r5O2jcM_MZA"
	},
	{
		"viewCount": "83",
		"likeCount": "4",
		"dislikeCount": "1",
		"favoriteCount": "0",
		"commentCount": "1",
		"id": "rn7jfrJWuAM"
	},
	{
		"viewCount": "10",
		"likeCount": "1",
		"dislikeCount": "0",
		"favoriteCount": "0",
		"commentCount": "0",
		"id": "eiYytV0HBJk"
	},
	{
		"viewCount": "136",
		"likeCount": "10",
		"dislikeCount": "0",
		"favoriteCount": "0",
		"commentCount": "0",
		"id": "qY510rNMW0M"
	},
	{
		"viewCount": "24",
		"likeCount": "0",
		"dislikeCount": "0",
		"favoriteCount": "0",
		"commentCount": "0",
		"id": "Ikxly74nECE"
	},
	{
		"viewCount": "29",
		"likeCount": "3",
		"dislikeCount": "0",
		"favoriteCount": "0",
		"commentCount": "1",
		"id": "LVkxmHn_3bQ"
	},
	{
		"viewCount": "23",
		"likeCount": "1",
		"dislikeCount": "0",
		"favoriteCount": "0",
		"commentCount": "0",
		"id": "NCV3-QHvbow"
	},
	{
		"viewCount": "96",
		"likeCount": "11",
		"dislikeCount": "0",
		"favoriteCount": "0",
		"commentCount": "0",
		"id": "OiQXHb3l6TU"
	},
	{
		"viewCount": "21",
		"likeCount": "1",
		"dislikeCount": "0",
		"favoriteCount": "0",
		"commentCount": "0",
		"id": "ik6632xh6ZQ"
	},
	{
		"viewCount": "12",
		"likeCount": "0",
		"dislikeCount": "0",
		"favoriteCount": "0",
		"commentCount": "0",
		"id": "jf2Miy5JQAY"
	},
	{
		"viewCount": "19",
		"likeCount": "0",
		"dislikeCount": "0",
		"favoriteCount": "0",
		"commentCount": "1",
		"id": "lwJoqgqvFx0"
	},
	{
		"viewCount": "92",
		"likeCount": "11",
		"dislikeCount": "0",
		"favoriteCount": "0",
		"commentCount": "0",
		"id": "mlU97vqIkgk"
	},
	{
		"viewCount": "24",
		"likeCount": "1",
		"dislikeCount": "0",
		"favoriteCount": "0",
		"commentCount": "0",
		"id": "rs0HT-cjD34"
	},
	{
		"viewCount": "22",
		"likeCount": "0",
		"dislikeCount": "0",
		"favoriteCount": "0",
		"commentCount": "1",
		"id": "XrDfZaoesj0"
	},
	{
		"viewCount": "62",
		"likeCount": "1",
		"dislikeCount": "0",
		"favoriteCount": "0",
		"commentCount": "1",
		"id": "bhn5ZKmW6Jg"
	},
	{
		"viewCount": "88",
		"likeCount": "8",
		"dislikeCount": "0",
		"favoriteCount": "0",
		"commentCount": "0",
		"id": "GFPAwA5xVEc"
	},
	{
		"viewCount": "28",
		"likeCount": "1",
		"dislikeCount": "0",
		"favoriteCount": "0",
		"commentCount": "0",
		"id": "IBJrjt16mGk"
	},
	{
		"viewCount": "4",
		"likeCount": "1",
		"dislikeCount": "0",
		"favoriteCount": "0",
		"commentCount": "0",
		"id": "S5WiTc1LiSU"
	},
	{
		"viewCount": "29",
		"likeCount": "0",
		"dislikeCount": "0",
		"favoriteCount": "0",
		"commentCount": "2",
		"id": "_m2Zo6gDP6g"
	},
	{
		"viewCount": "126",
		"likeCount": "6",
		"dislikeCount": "0",
		"favoriteCount": "0",
		"commentCount": "2",
		"id": "bayOuCvzOio"
	},
	{
		"viewCount": "52",
		"likeCount": "2",
		"dislikeCount": "0",
		"favoriteCount": "0",
		"commentCount": "0",
		"id": "U6L3TYXPVHc"
	},
	{
		"viewCount": "45",
		"likeCount": "2",
		"dislikeCount": "0",
		"favoriteCount": "0",
		"commentCount": "1",
		"id": "UvbhIre5no0"
	},
	{
		"viewCount": "24",
		"likeCount": "0",
		"dislikeCount": "0",
		"favoriteCount": "0",
		"commentCount": "0",
		"id": "VeNJAXCFPXo"
	},
	{
		"viewCount": "20",
		"likeCount": "0",
		"dislikeCount": "0",
		"favoriteCount": "0",
		"commentCount": "0",
		"id": "bOUV8KQGP8I"
	},
	{
		"viewCount": "35",
		"likeCount": "1",
		"dislikeCount": "0",
		"favoriteCount": "0",
		"commentCount": "0",
		"id": "NXd11XMf-Vo"
	},
	{
		"viewCount": "55",
		"likeCount": "0",
		"dislikeCount": "0",
		"favoriteCount": "0",
		"commentCount": "0",
		"id": "KqxZs7aOFMw"
	},
	{
		"viewCount": "57",
		"likeCount": "0",
		"dislikeCount": "0",
		"favoriteCount": "0",
		"commentCount": "0",
		"id": "RgPl4JoApxY"
	},
	{
		"viewCount": "41",
		"likeCount": "0",
		"dislikeCount": "0",
		"favoriteCount": "0",
		"commentCount": "1",
		"id": "SkMG4gwNKVI"
	},
	{
		"viewCount": "53",
		"likeCount": "5",
		"dislikeCount": "0",
		"favoriteCount": "0",
		"commentCount": "0",
		"id": "GpNP7eJCvHs"
	},
	{
		"viewCount": "32",
		"likeCount": "4",
		"dislikeCount": "0",
		"favoriteCount": "0",
		"commentCount": "0",
		"id": "JPKwXXTc8iw"
	},
	{
		"viewCount": "26",
		"likeCount": "3",
		"dislikeCount": "0",
		"favoriteCount": "0",
		"commentCount": "0",
		"id": "P7WmvuLoZLw"
	}
]
