[
	{
		"text": "<p>\u001b[200~Join tonight, 12 Feb. @ 17:00 UTC, for a chat with Doctor Luis Falc\u00f3n about MyGNUHealth. Learn more about the project, ask your questions, and enjoy some nice conversation.<br />Sign up and get more information here: <a href=\"https://community.kde.org/Fireside_chats#Registration\" rel=\"nofollow noopener noreferrer\" target=\"_blank\"><span class=\"invisible\">https://</span><span class=\"ellipsis\">community.kde.org/Fireside_cha</span><span class=\"invisible\">ts#Registration</span></a></p>",
		"url": "https://mastodon.technology/@kde/105718048420621225",
		"id": "105718048420621225",
		"replies_count": 0,
		"reblogs_count": 2,
		"favourites_count": 2
	},
	{
		"text": "<p>Want to create your own KDE Plasma theme? Here's part 2 of my guide!</p><p><a href=\"https://youtu.be/3K4EP1KSC6k\" rel=\"nofollow noopener noreferrer\" target=\"_blank\"><span class=\"invisible\">https://</span><span class=\"\">youtu.be/3K4EP1KSC6k</span><span class=\"invisible\"></span></a></p>",
		"url": "https://mastodon.technology/users/kde/statuses/105717794588670792/activity",
		"id": "105717794588670792",
		"replies_count": 0,
		"reblogs_count": 0,
		"favourites_count": 0
	},
	{
		"text": "<p>Enjoy the MyGNUHealth demo at FOSDEM? Then join Dr Luis Falcon for a <a href=\"https://mastodon.technology/tags/firesidechat\" class=\"mention hashtag\" rel=\"tag\">#<span>firesidechat</span></a> this Friday, 12 February at 17:00 UTC. Learn all about the new app, ask questions, suggest add-ons or pitch your ideas during a nice and relaxing conversation. <a href=\"https://community.kde.org/Fireside_chats\" rel=\"nofollow noopener noreferrer\" target=\"_blank\"><span class=\"invisible\">https://</span><span class=\"ellipsis\">community.kde.org/Fireside_cha</span><span class=\"invisible\">ts</span></a><br />Image Courtesy: Vecteezy</p>",
		"url": "https://mastodon.technology/@kde/105706531004364954",
		"id": "105706531004364954",
		"replies_count": 0,
		"reblogs_count": 3,
		"favourites_count": 10
	},
	{
		"text": "<p>Grab some popcorn and discover your inner Kubrick. Learn video-editing with Kdenlive with Massimo Stella. Hurry! The movie starts in 20 minutes at our FOSDEM booth. <a href=\"https://meet.kde.org/b/pau-i3q-gea\" rel=\"nofollow noopener noreferrer\" target=\"_blank\"><span class=\"invisible\">https://</span><span class=\"\">meet.kde.org/b/pau-i3q-gea</span><span class=\"invisible\"></span></a><br />or<br /><a href=\"https://stands.fosdem.org/stands/kde_community/\" rel=\"nofollow noopener noreferrer\" target=\"_blank\"><span class=\"invisible\">https://</span><span class=\"ellipsis\">stands.fosdem.org/stands/kde_c</span><span class=\"invisible\">ommunity/</span></a></p>",
		"url": "https://mastodon.technology/@kde/105690480313695231",
		"id": "105690480313695231",
		"replies_count": 0,
		"reblogs_count": 2,
		"favourites_count": 5
	},
	{
		"text": "<p>Dr Falcon in the house! Luis Falcon MD. will be demonstrating MyGNUHealth, KDE&apos;s new Personal Health Monitoring application for desktop and mobile devices in 30 minutes. Don&apos;t miss your appointment! <a href=\"https://meet.kde.org/b/pau-i3q-gea\" rel=\"nofollow noopener noreferrer\" target=\"_blank\"><span class=\"invisible\">https://</span><span class=\"\">meet.kde.org/b/pau-i3q-gea</span><span class=\"invisible\"></span></a><br />or<br /><a href=\"https://stands.fosdem.org/stands/kde_community/\" rel=\"nofollow noopener noreferrer\" target=\"_blank\"><span class=\"invisible\">https://</span><span class=\"ellipsis\">stands.fosdem.org/stands/kde_c</span><span class=\"invisible\">ommunity/</span></a></p>",
		"url": "https://mastodon.technology/@kde/105690032574391390",
		"id": "105690032574391390",
		"replies_count": 0,
		"reblogs_count": 2,
		"favourites_count": 5
	},
	{
		"text": "<p>Tomaz Canabrava is demonstrating Konsole&apos;s new features in 30 minutes. Be there and get updates from the most powerful terminal app in the known universe. <a href=\"https://meet.kde.org/b/pau-i3q-gea\" rel=\"nofollow noopener noreferrer\" target=\"_blank\"><span class=\"invisible\">https://</span><span class=\"\">meet.kde.org/b/pau-i3q-gea</span><span class=\"invisible\"></span></a><br />or<br /><a href=\"https://stands.fosdem.org/stands/kde_community/\" rel=\"nofollow noopener noreferrer\" target=\"_blank\"><span class=\"invisible\">https://</span><span class=\"ellipsis\">stands.fosdem.org/stands/kde_c</span><span class=\"invisible\">ommunity/</span></a></p>",
		"url": "https://mastodon.technology/@kde/105689204094715920",
		"id": "105689204094715920",
		"replies_count": 0,
		"reblogs_count": 3,
		"favourites_count": 7
	},
	{
		"text": "<p>Come to KDE&apos;s <span class=\"h-card\"><a href=\"https://fosstodon.org/@fosdem\" class=\"u-url mention\">@<span>fosdem</span></a></span> booth and download the picture Ram\u00f3n Miranda painted live for us.</p><p><a href=\"https://stands.fosdem.org/stands/kde_community/\" rel=\"nofollow noopener noreferrer\" target=\"_blank\"><span class=\"invisible\">https://</span><span class=\"ellipsis\">stands.fosdem.org/stands/kde_c</span><span class=\"invisible\">ommunity/</span></a></p>",
		"url": "https://mastodon.technology/@kde/105689096590554005",
		"id": "105689096590554005",
		"replies_count": 0,
		"reblogs_count": 5,
		"favourites_count": 17
	},
	{
		"text": "<p>The News at 9:30 will be brought to you by Adam Szopa reporting live from KDE Central Studios. Join Adam in 30 minutes for the \u2018KDE Weekly News\u2019: <a href=\"https://meet.kde.org/b/pau-i3q-gea\" rel=\"nofollow noopener noreferrer\" target=\"_blank\"><span class=\"invisible\">https://</span><span class=\"\">meet.kde.org/b/pau-i3q-gea</span><span class=\"invisible\"></span></a><br />or<br /><a href=\"https://stands.fosdem.org/stands/kde_community/\" rel=\"nofollow noopener noreferrer\" target=\"_blank\"><span class=\"invisible\">https://</span><span class=\"ellipsis\">stands.fosdem.org/stands/kde_c</span><span class=\"invisible\">ommunity/</span></a></p>",
		"url": "https://mastodon.technology/@kde/105688910519554403",
		"id": "105688910519554403",
		"replies_count": 0,
		"reblogs_count": 0,
		"favourites_count": 1
	},
	{
		"text": "<p>I must say that the <span class=\"h-card\"><a href=\"https://mastodon.technology/@kde\" class=\"u-url mention\" rel=\"nofollow noopener noreferrer\" target=\"_blank\">@<span>kde</span></a></span> <a href=\"https://fosstodon.org/tags/Plasma\" class=\"mention hashtag\" rel=\"nofollow noopener noreferrer\" target=\"_blank\">#<span>Plasma</span></a> 5.21 wallpaper is really beautiful.<br><a href=\"https://fosstodon.org/tags/PinePhone\" class=\"mention hashtag\" rel=\"nofollow noopener noreferrer\" target=\"_blank\">#<span>PinePhone</span></a> <a href=\"https://fosstodon.org/tags/Convergence\" class=\"mention hashtag\" rel=\"nofollow noopener noreferrer\" target=\"_blank\">#<span>Convergence</span></a></p>",
		"url": "https://mastodon.technology/users/kde/statuses/105685144893768827/activity",
		"id": "105685144893768827",
		"replies_count": 0,
		"reblogs_count": 0,
		"favourites_count": 0
	},
	{
		"text": "<p>Learn more about Neochat, KDE&apos;s Matrix chat client created by Carl Schwan and Tobias Fella. Join Carl Schwan in 30 minutes at our FOSDEM booth for a live demo: <a href=\"https://meet.kde.org/b/pau-i3q-gea\" rel=\"nofollow noopener noreferrer\" target=\"_blank\"><span class=\"invisible\">https://</span><span class=\"\">meet.kde.org/b/pau-i3q-gea</span><span class=\"invisible\"></span></a><br />You can chat with other participants at KDE\u2019s booth through the Matrix live chat: <a href=\"https://mastodon.technology/tags/kde\" class=\"mention hashtag\" rel=\"tag\">#<span>kde</span></a>-stand:fosdem.org</p>",
		"url": "https://mastodon.technology/@kde/105684779668293915",
		"id": "105684779668293915",
		"replies_count": 0,
		"reblogs_count": 7,
		"favourites_count": 6
	},
	{
		"text": "<p>Wake up your inner artist! Ram\u00f3n Miranda is demonstrating Krita in 30 minutes at our FOSDEM booth: <a href=\"https://meet.kde.org/b/pau-i3q-gea\" rel=\"nofollow noopener noreferrer\" target=\"_blank\"><span class=\"invisible\">https://</span><span class=\"\">meet.kde.org/b/pau-i3q-gea</span><span class=\"invisible\"></span></a><br />You can still interact with other participants at KDE\u2019s booth through the Matrix live chat: <a href=\"https://mastodon.technology/tags/kde\" class=\"mention hashtag\" rel=\"tag\">#<span>kde</span></a>-stand:fosdem.org</p>",
		"url": "https://mastodon.technology/@kde/105684371238863738",
		"id": "105684371238863738",
		"replies_count": 0,
		"reblogs_count": 8,
		"favourites_count": 6
	},
	{
		"text": "<p>Build an app that will work on the desktop and mobile live using Kirigami with Marco Martin. Don&apos;t miss our live programming session starting in 15 minutes in our FOSDEM chat room. <a href=\"https://stands.fosdem.org/stands/kde_community/\" rel=\"nofollow noopener noreferrer\" target=\"_blank\"><span class=\"invisible\">https://</span><span class=\"ellipsis\">stands.fosdem.org/stands/kde_c</span><span class=\"invisible\">ommunity/</span></a></p>",
		"url": "https://mastodon.technology/@kde/105683602521876895",
		"id": "105683602521876895",
		"replies_count": 0,
		"reblogs_count": 3,
		"favourites_count": 7
	},
	{
		"text": "<p>A <span class=\"h-card\"><a href=\"https://fosstodon.org/@fosdem\" class=\"u-url mention\">@<span>fosdem</span></a></span> booth without stickers is no booth at all... We have stickers! Come visit KDE&apos;s Matrix room and get yours!</p><p><a href=\"https://stands.fosdem.org/stands/kde_community/\" rel=\"nofollow noopener noreferrer\" target=\"_blank\"><span class=\"invisible\">https://</span><span class=\"ellipsis\">stands.fosdem.org/stands/kde_c</span><span class=\"invisible\">ommunity/</span></a></p>",
		"url": "https://mastodon.technology/@kde/105683485171469205",
		"id": "105683485171469205",
		"replies_count": 0,
		"reblogs_count": 4,
		"favourites_count": 8
	},
	{
		"text": "<p>Good Morning! Visit KDE\u2019s booth in 15 minutes to learn more about KDE\u2019s Plasma Mobile with Bhushan Shah. <br /><a href=\"https://stands.fosdem.org/stands/kde_community/\" rel=\"nofollow noopener noreferrer\" target=\"_blank\"><span class=\"invisible\">https://</span><span class=\"ellipsis\">stands.fosdem.org/stands/kde_c</span><span class=\"invisible\">ommunity/</span></a></p>",
		"url": "https://mastodon.technology/@kde/105683315879409989",
		"id": "105683315879409989",
		"replies_count": 0,
		"reblogs_count": 6,
		"favourites_count": 10
	},
	{
		"text": "<p>Visit KDE\u2019s virtual booth at FOSDEM from 6-7 February 2021. The members of the KDE Community will be there to answer all your questions. Visit our booth: <a href=\"https://stands.fosdem.org/stands/kde_community/\" rel=\"nofollow noopener noreferrer\" target=\"_blank\"><span class=\"invisible\">https://</span><span class=\"ellipsis\">stands.fosdem.org/stands/kde_c</span><span class=\"invisible\">ommunity/</span></a> <br />You can also interact with other participants at KDE\u2019s booth through the Matrix live chat: <a href=\"https://mastodon.technology/tags/kde\" class=\"mention hashtag\" rel=\"tag\">#<span>kde</span></a>-stand:fosdem.org</p><p><span class=\"h-card\"><a href=\"https://fosstodon.org/@fosdem\" class=\"u-url mention\">@<span>fosdem</span></a></span></p>",
		"url": "https://mastodon.technology/@kde/105679126468711705",
		"id": "105679126468711705",
		"replies_count": 1,
		"reblogs_count": 5,
		"favourites_count": 8
	},
	{
		"text": "<p>Want to create your own KDE Plasma Theme? Here's a guide on how to make one, no code required!</p><p><a href=\"https://youtu.be/XrNWYt_vciA\" rel=\"nofollow noopener noreferrer\" target=\"_blank\"><span class=\"invisible\">https://</span><span class=\"\">youtu.be/XrNWYt_vciA</span><span class=\"invisible\"></span></a></p>",
		"url": "https://mastodon.technology/users/kde/statuses/105677958329867354/activity",
		"id": "105677958329867354",
		"replies_count": 0,
		"reblogs_count": 0,
		"favourites_count": 0
	},
	{
		"text": "<p><span class=\"h-card\"><a href=\"https://mastodon.technology/@kde\" class=\"u-url mention\" rel=\"nofollow noopener noreferrer\" target=\"_blank\">@<span>kde</span></a></span> kongress is already installable in <a href=\"https://framapiaf.org/tags/debian\" class=\"mention hashtag\" rel=\"nofollow noopener noreferrer\" target=\"_blank\">#<span>debian</span></a> unstable !</p>",
		"url": "https://mastodon.technology/users/kde/statuses/105674349998140894/activity",
		"id": "105674349998140894",
		"replies_count": 0,
		"reblogs_count": 0,
		"favourites_count": 0
	},
	{
		"text": "<p>In KDE&apos;s February 2021 Apps Update: Kongress hits version 1.0 and Calligra Plan reaches version 3.3 (plus tons of bugfixes and improvements):</p><p><a href=\"https://kde.org/announcements/releases/2021-02-apps-update/\" rel=\"nofollow noopener noreferrer\" target=\"_blank\"><span class=\"invisible\">https://</span><span class=\"ellipsis\">kde.org/announcements/releases</span><span class=\"invisible\">/2021-02-apps-update/</span></a></p>",
		"url": "https://mastodon.technology/@kde/105672884837342632",
		"id": "105672884837342632",
		"replies_count": 1,
		"reblogs_count": 5,
		"favourites_count": 9
	},
	{
		"text": "<p>Kaidan 0.7 is here\u2757<br>:kdenew: :xmpp:</p><p>New features:<br>- improved usability for sending files<br>- more information about your chat partner<br>- improved message composing and better usability</p><p>as well as a couple of bug fixes. You can see the full changelog here: <a href=\"https://www.kaidan.im/2021/02/02/kaidan-0.7.0/\" rel=\"nofollow noopener noreferrer\" target=\"_blank\"><span class=\"invisible\">https://www.</span><span class=\"ellipsis\">kaidan.im/2021/02/02/kaidan-0.</span><span class=\"invisible\">7.0/</span></a></p>",
		"url": "https://mastodon.technology/users/kde/statuses/105666931695266868/activity",
		"id": "105666931695266868",
		"replies_count": 0,
		"reblogs_count": 0,
		"favourites_count": 0
	},
	{
		"text": "<p><span class=\"h-card\"><a href=\"https://mastodon.technology/@kde\" class=\"u-url mention\" rel=\"nofollow noopener noreferrer\" target=\"_blank\">@<span>kde</span></a></span> <span class=\"h-card\"><a href=\"https://fosstodon.org/@plasmamobile\" class=\"u-url mention\" rel=\"nofollow noopener noreferrer\" target=\"_blank\">@<span>plasmamobile</span></a></span> running on the <span class=\"h-card\"><a href=\"https://social.librem.one/@purism\" class=\"u-url mention\" rel=\"nofollow noopener noreferrer\" target=\"_blank\">@<span>purism</span></a></span> <a href=\"https://fosstodon.org/tags/Librem5\" class=\"mention hashtag\" rel=\"nofollow noopener noreferrer\" target=\"_blank\">#<span>Librem5</span></a> Birch edition</p><p><a href=\"https://youtu.be/7knsqVwfLiY\" rel=\"nofollow noopener noreferrer\" target=\"_blank\"><span class=\"invisible\">https://</span><span class=\"\">youtu.be/7knsqVwfLiY</span><span class=\"invisible\"></span></a></p><p><span class=\"h-card\"><a href=\"https://fosstodon.org/@postmarketOS\" class=\"u-url mention\" rel=\"nofollow noopener noreferrer\" target=\"_blank\">@<span>postmarketOS</span></a></span> <a href=\"https://fosstodon.org/tags/PlasmaMobile\" class=\"mention hashtag\" rel=\"nofollow noopener noreferrer\" target=\"_blank\">#<span>PlasmaMobile</span></a></p>",
		"url": "https://mastodon.technology/users/kde/statuses/105656372047354262/activity",
		"id": "105656372047354262",
		"replies_count": 0,
		"reblogs_count": 0,
		"favourites_count": 0
	}
]
