{
	"followers_count": 1213,
	"media_count": 177,
	"id": "17841414224020986",
	"Website clicks": 0,
	"Profile views": 2,
	"Audience town/city": {
		"S\u00e3o Paulo, S\u00e3o Paulo (state)": 30,
		"Barcelona, Catalu\u00f1a": 7,
		"Rio de Janeiro, Rio de Janeiro (state)": 14,
		"Kochi, Kerala": 4,
		"Berlin, Berlin": 5,
		"Macei\u00f3, Alagoas": 5,
		"Uberl\u00e2ndia, Minas Gerais": 4,
		"Porto Alegre, Rio Grande do Sul": 5,
		"Montevideo, Montevideo Department": 4,
		"Duque de Caxias, Rio de Janeiro (state)": 3,
		"Gravata\u00ed, Rio Grande do Sul": 3,
		"Santo Domingo, Distrito Nacional": 4,
		"Ahmedabad, Gujarat": 3,
		"Jo\u00e3o Pessoa, Para\u00edba": 5,
		"Bogot\u00e1, Distrito Especial": 6,
		"Jakarta, Jakarta": 5,
		"Aguascalientes, Aguascalientes": 3,
		"Buenos Aires, Ciudad Aut\u00f3noma de Buenos Aires": 6,
		"Recife, Pernambuco": 8,
		"Bras\u00edlia, Federal District": 6,
		"Delhi, Delhi": 3,
		"Los Angeles, California": 4,
		"Natal, Rio Grande do Norte": 3,
		"Farroupilha, Rio Grande do Sul": 3,
		"Salvador, Bahia": 11,
		"Denver, Colorado": 3,
		"Rome, Lazio": 3,
		"Chennai, Tamil Nadu": 4,
		"Fortaleza, Cear\u00e1": 16,
		"Manaus, Amazonas": 3,
		"Milan, Lombardia": 4,
		"Athens, Attica (region)": 3,
		"Mexico City, Distrito Federal": 11,
		"Maring\u00e1, Paran\u00e1": 6,
		"Florian\u00f3polis, Santa Catarina": 4,
		"New York, New York": 3,
		"Cairo, Cairo Governorate": 3,
		"Mumbai, Maharashtra": 4,
		"Bangalore, Karnataka": 4,
		"Belo Horizonte, Minas Gerais": 8,
		"Stuttgart, Baden-W\u00fcrttemberg": 4,
		"Curitiba, Paran\u00e1": 8,
		"Bel\u00e9m, Par\u00e1": 5,
		"Campinas, S\u00e3o Paulo (state)": 3,
		"S\u00e3o Gon\u00e7alo, Rio de Janeiro (state)": 3
	},
	"Audience country": {
		"DE": 42,
		"BD": 3,
		"BE": 4,
		"RU": 7,
		"PT": 7,
		"BG": 4,
		"JP": 3,
		"HR": 3,
		"DO": 4,
		"UA": 11,
		"FR": 20,
		"BO": 3,
		"HU": 6,
		"BR": 308,
		"DZ": 4,
		"GB": 15,
		"ID": 27,
		"CA": 8,
		"US": 105,
		"EG": 4,
		"UY": 4,
		"IN": 78,
		"KR": 3,
		"CL": 5,
		"CN": 3,
		"GR": 6,
		"MX": 29,
		"IT": 31,
		"AM": 2,
		"MY": 3,
		"CO": 11,
		"ES": 18,
		"CR": 3,
		"VE": 3,
		"AR": 18,
		"AU": 3,
		"TH": 3,
		"PE": 6,
		"LB": 2,
		"TN": 2,
		"PK": 6,
		"PL": 8,
		"RO": 2,
		"NL": 5,
		"TR": 7
	},
	"Gender and age": {
		"M.55-64": 11,
		"U.35-44": 2,
		"F.45-54": 4,
		"M.18-24": 172,
		"M.35-44": 236,
		"F.25-34": 28,
		"U.18-24": 4,
		"M.25-34": 314,
		"F.65+": 1,
		"U.45-54": 1,
		"F.55-64": 4,
		"M.65+": 9,
		"F.35-44": 15,
		"M.13-17": 20,
		"U.25-34": 3,
		"M.45-54": 72,
		"F.18-24": 15
	},
	"Reach": 1168,
	"Impressions": 9331
}
