[
    {
        "conversation_id": "1355017469476237315",
        "id": "1360840233449791489",
        "non_public_metrics": {
            "impression_count": 1,
            "user_profile_clicks": 0
        },
        "public_metrics": {
            "like_count": 0,
            "quote_count": 0,
            "reply_count": 0,
            "retweet_count": 0
        },
        "referenced_tweets": [
            {
                "id": "1355017469476237315",
                "type": "replied_to"
            }
        ],
        "replies": [],
        "text": "hurrah"
    },
    {
        "conversation_id": "1358060377691459587",
        "id": "1360836329752289280",
        "non_public_metrics": {
            "impression_count": 0,
            "user_profile_clicks": 0
        },
        "public_metrics": {
            "like_count": 0,
            "quote_count": 0,
            "reply_count": 0,
            "retweet_count": 0
        },
        "referenced_tweets": [
            {
                "id": "1358060377691459587",
                "type": "replied_to"
            }
        ],
        "replies": [],
        "text": "@kdecommunity \ud83d\udc4d\ud83d\udc4f"
    },
    {
        "conversation_id": "1355017469476237315",
        "id": "1355017469476237315",
        "non_public_metrics": {
            "impression_count": 5,
            "user_profile_clicks": 0
        },
        "public_metrics": {
            "like_count": 0,
            "quote_count": 0,
            "reply_count": 1,
            "retweet_count": 0
        },
        "replies": [
            {
                "id": "1360840233449791489",
                "text": "hurrah"
            }
        ],
        "text": "tweepy + oauth!"
    },
    {
        "conversation_id": "1354298864522514433",
        "id": "1354363911898714113",
        "non_public_metrics": {
            "impression_count": 4,
            "user_profile_clicks": 0
        },
        "public_metrics": {
            "like_count": 0,
            "quote_count": 0,
            "reply_count": 0,
            "retweet_count": 0
        },
        "referenced_tweets": [
            {
                "id": "1354298864522514433",
                "type": "replied_to"
            }
        ],
        "replies": [],
        "text": "wer"
    },
    {
        "conversation_id": "1354299238126030853",
        "id": "1354299238126030853",
        "non_public_metrics": {
            "impression_count": 6,
            "user_profile_clicks": 0
        },
        "public_metrics": {
            "like_count": 0,
            "quote_count": 0,
            "reply_count": 0,
            "retweet_count": 0
        },
        "replies": [],
        "text": "Hello Ladies &amp; Gentlemen! signed OAuth request"
    },
    {
        "conversation_id": "1354298864522514433",
        "id": "1354298864522514433",
        "non_public_metrics": {
            "impression_count": 8,
            "user_profile_clicks": 0
        },
        "public_metrics": {
            "like_count": 1,
            "quote_count": 0,
            "reply_count": 1,
            "retweet_count": 1
        },
        "replies": [],
        "text": "Hello%20Ladies%20%2b%20Gentlemen%2c%20a%20signed%20OAuth%20request%21"
    }
]