[{"followerGains": {"organicFollowerGain": 9, "paidFollowerGain": 0}, "organizationalEntity": "urn:li:organization:29561", "timeRange": {"start": 1612483200000, "end": 1612569600000}}, {"followerGains": {"organicFollowerGain": 13, "paidFollowerGain": 0}, "organizationalEntity": "urn:li:organization:29561", "timeRange": {"start": 1612569600000, "end": 1612656000000}}, {"followerGains": {"organicFollowerGain": 4, "paidFollowerGain": 0}, "organizationalEntity": "urn:li:organization:29561", "timeRange": {"start": 1612656000000, "end": 1612742400000}}, {"followerGains": {"organicFollowerGain": 12, "paidFollowerGain": 0}, "organizationalEntity": "urn:li:organization:29561", "timeRange": {"start": 1612742400000, "end": 1612828800000}}, {"followerGains": {"organicFollowerGain": 8, "paidFollowerGain": 0}, "organizationalEntity": "urn:li:organization:29561", "timeRange": {"start": 1612828800000, "end": 1612915200000}}, {"followerGains": {"organicFollowerGain": 15, "paidFollowerGain": 0}, "organizationalEntity": "urn:li:organization:29561", "timeRange": {"start": 1612915200000, "end": 1613001600000}}]