{
	"page_engaged_users": 697,
	"page_post_engagements": 962,
	"page_impressions": 34881,
	"page_impressions_organic": 34627,
	"page_impressions_paid": 0,
	"page_consumptions": 515,
	"page_negative_feedback": 3,
	"page_video_views": 91,
	"page_negative_feedback_by_type": { "hide_all_clicks": 3 },
	"page_positive_feedback_by_type": {
		"link": 21,
		"like": 421,
		"other": 69,
		"comment": 5
	},
	"page_fans": 67828,
	"page_fans_locale": {
		"el_GR": 423,
		"ru_RU": 833,
		"it_IT": 2078,
		"pl_PL": 1292,
		"ro_RO": 313,
		"tr_TR": 797,
		"hi_IN": 64,
		"id_ID": 2071,
		"pt_BR": 3926,
		"th_TH": 437,
		"en_PI": 45,
		"ja_JP": 197,
		"fr_FR": 3296,
		"cs_CZ": 662,
		"ca_ES": 77,
		"hu_HU": 356,
		"de_DE": 2394,
		"ms_MY": 96,
		"nb_NO": 124,
		"zh_HK": 58,
		"zh_TW": 373,
		"sk_SK": 470,
		"es_ES": 1898,
		"nl_NL": 296,
		"bn_IN": 45,
		"es_LA": 6729,
		"fr_CA": 143,
		"sq_AL": 47,
		"sv_SE": 253,
		"da_DK": 105,
		"fa_IR": 167,
		"sr_RS": 126,
		"bg_BG": 233,
		"vi_VN": 304,
		"hr_HR": 109,
		"fi_FI": 160,
		"ar_AR": 1707,
		"en_GB": 8342,
		"ko_KR": 172,
		"en_US": 24957,
		"lt_LT": 50,
		"uk_UA": 145,
		"sl_SI": 59,
		"zh_CN": 196,
		"pt_PT": 601
	},
	"page_fans_city": {
		"Hanoi, Vietnam": 159,
		"Baghdad, Iraq": 161,
		"Munich, Germany": 162,
		"Riyadh, Saudi Arabia": 167,
		"Rome, Lazio, Italy": 177,
		"Singapore, Singapore": 183,
		"Casablanca, Morocco": 184,
		"Lahore, Punjab, Pakistan": 186,
		"Alexandria, Alexandria Governorate, Egypt": 190,
		"Algiers, Algeria": 191,
		"Budapest, Hungary": 192,
		"Sofia, Bulgaria": 197,
		"Moscow, Russia": 205,
		"Bucharest, Romania": 209,
		"Ho Chi Minh City, Vietnam": 210,
		"New York, NY, US": 223,
		"Warsaw, Poland": 224,
		"Prague, Czech Republic": 229,
		"Karachi, Sindh, Pakistan": 237,
		"Paris, France": 246,
		"Rio de Janeiro, RJ, Brazil": 247,
		"Tunis, Tunisia": 248,
		"Athens, Greece": 250,
		"Pune, Maharashtra, India": 261,
		"Buenos Aires, Ciudad Aut\u00f3noma de Buenos Aires, Argentina": 274,
		"London": 288,
		"Bogot\u00e1, Distrito Especial, Colombia": 304,
		"Santiago, Chile": 304,
		"Hyderabad, Telangana, India": 305,
		"Bangkok, Thailand": 306,
		"Yangon, Myanmar": 317,
		"Berlin, Germany": 327,
		"Kolkata, West Bengal, India": 331,
		"Chennai, Tamil Nadu, India": 342,
		"Mumbai, Maharashtra, India": 350,
		"Tehran, Tehran Province, Iran": 362,
		"Istanbul, Istanbul Province, Turkey": 367,
		"Jakarta, Indonesia": 397,
		"Delhi, India": 398,
		"Lima, Peru": 406,
		"S\u00e3o Paulo, SP, Brazil": 524,
		"Dhaka, Dhaka Division, Bangladesh": 641,
		"Cairo, Cairo Governorate, Egypt": 672,
		"Bangalore, Karnataka, India": 685,
		"Mexico City, Distrito Federal, Mexico": 724
	},
	"page_fans_gender_age": {
		"U.13-17": 1,
		"U.55-64": 28,
		"M.55-64": 1862,
		"U.35-44": 170,
		"F.45-54": 261,
		"M.18-24": 6599,
		"M.35-44": 18139,
		"F.25-34": 1787,
		"U.65+": 49,
		"U.18-24": 59,
		"M.25-34": 29162,
		"F.13-17": 12,
		"U.45-54": 79,
		"F.65+": 117,
		"F.55-64": 115,
		"M.13-17": 164,
		"F.35-44": 724,
		"M.65+": 1431,
		"U.25-34": 170,
		"M.45-54": 6253,
		"F.18-24": 638
	},
	"page_fan_adds_unique": 6,
	"page_fan_removes_unique": 19
}
